"","entrez","logFC","AveExpr","t","P.Value","adj.P.Val","B","symbol"
"78896",78896,2.80754753168061,3.03651949599822,18.5477299539776,2.75882809721025e-10,1.0162397161481e-06,14.0741647954147,"Ecrg4"
"231830",231830,2.25339982481145,4.76059696752856,18.0262686035302,3.85816141286296e-10,1.0162397161481e-06,13.675997801785,"Micall2"
"14620",14620,3.60009376671151,3.52528050769349,16.4662668173683,1.11375541516943e-09,1.71870346311312e-06,12.5407120829716,"Gjb3"
"74747",74747,2.18037012538574,6.8647911022832,15.7014468228818,1.93827892065899e-09,2.35635077400728e-06,12.2257478025222,"Ddit4"
"11636",11636,2.76674499153779,4.30347461536789,15.2769363807749,2.66464029851249e-09,2.80746501851275e-06,11.8947105244627,"Ak1"
"16878",16878,3.73893325921556,6.68203416650215,13.733438193896,9.10570818874765e-09,6.54120964613491e-06,10.637404208887,"Lif"
"12977",12977,2.8356237463904,7.4775909421709,13.4190194807549,1.18729979920669e-08,7.50563441066504e-06,10.4499474090711,"Csf1"
"12654",12654,2.34291447312524,5.57645723604579,13.2197627736826,1.40875966051017e-08,8.30659524554179e-06,10.280941737347,"Chil1"
"217166",217166,2.27887939443661,6.26087761383724,13.1288502622278,1.52424235712928e-08,8.30659524554179e-06,10.2029965262086,"Nr1d1"
"170770",170770,2.53705512268212,4.02940845538832,12.1107183626333,3.81130132734324e-08,1.46210906999703e-05,9.20947062331951,"Bbc3"
"14115",14115,2.25443981638245,4.80129372614924,11.9588381755452,4.39447811368138e-08,1.46210906999703e-05,9.15384858410371,"Fbln2"
"14585",14585,2.25912109882279,0.0127067407447704,11.9518144301233,4.42367354280507e-08,1.46210906999703e-05,8.64244500982314,"Gfra1"
"12740",12740,5.31400571746547,7.40935096806576,11.7268117251855,5.4787162436078e-08,1.59780246591473e-05,8.47347043037557,"Cldn4"
"14299",14299,2.19132340342942,2.94685524157437,11.7123256497745,5.55535022279445e-08,1.59780246591473e-05,8.8430412488304,"Ncs1"
"12266",12266,4.01890498032725,8.37304532574375,11.5747948648928,6.34311872526983e-08,1.65341316379794e-05,8.78875386463625,"C3"
"14621",14621,4.58436254136417,2.95392217518149,11.5116282103987,6.7444793000548e-08,1.65341316379794e-05,8.52978098319853,"Gjb4"
"14038",14038,2.23184627486315,7.88093477114867,11.3047001975047,8.26245657342133e-08,1.86542662409072e-05,8.5263631858071,"Wfdc18"
"20319",20319,3.38362341411879,2.77994069969196,10.4887067530902,1.89859356975567e-07,3.40970145186576e-05,7.38901177088468,"Sfrp2"
"26897",26897,2.12400413163055,5.66746156900829,9.92549334874793,3.47923052660111e-07,4.65981010528847e-05,7.11941239672789,"Acot1"
"625638",625638,2.23242076992951,-1.29267809043253,9.85061262590062,3.77879257394883e-07,4.85528762916157e-05,6.58720156906588,"Fam43b"
"226025",226025,2.2478137163973,1.20718272099386,9.82660210449023,3.88061558663592e-07,4.94590715574146e-05,7.0019694680216,"Trpm3"
"78748",78748,2.11378056299083,2.93380060730999,9.77473291136793,4.11076908929976e-07,5.11547989663727e-05,6.90287178670242,"Rassf10"
"16763",16763,2.09897222123379,4.1778070108399,9.71083369654318,4.41462561415998e-07,5.32585826001407e-05,6.71580422872701,"Lad1"
"53311",53311,2.11071961554143,1.90920665710703,9.53274243526474,5.3959368758361e-07,6.0054497454728e-05,6.68779781308656,"Mybph"
"65112",65112,2.30681271620411,7.46530940437466,9.48577709411703,5.69204381249741e-07,6.20393520087649e-05,6.53435368807374,"Pmepa1"
"76509",76509,2.82573099472255,8.51294549659818,9.12721214610401,8.61798090305194e-07,7.49227085415694e-05,6.16889009410823,"Plet1"
"228413",228413,3.28939242712679,4.0305102231897,9.06448827282719,9.27842558748651e-07,7.79979989279983e-05,5.93169087953813,"Prrg4"
"14219",14219,2.03321563855272,7.83482242164195,9.0521404370386,9.41471736436335e-07,7.87249699610573e-05,6.04665443811795,"Ccn2"
"12739",12739,2.31741072609539,5.19198618432298,8.72978625818847,1.38515828284454e-06,9.68630154959074e-05,5.65128688428423,"Cldn3"
"320685",320685,2.32879213692089,2.89795361560022,8.62982181531835,1.56474794928315e-06,0.000103369669286296,5.47382352177763,"Dctd"
"214685",214685,2.29582834670534,4.43741606604785,8.54046233382094,1.74646111880828e-06,0.000109964428373092,5.44995991131665,"Chadl"
"26365",26365,3.50857149381512,6.34310195566255,8.49642075860867,1.84421261078059e-06,0.000114747779924316,5.42862321555908,"Ceacam1"
"109731",109731,2.79642886943172,0.862539184707761,8.36590244687596,2.16988288587974e-06,0.000130390985279253,5.30211342516873,"Maob"
"211945",211945,2.36243759276796,3.37410808982905,8.29639107178205,2.36797947756965e-06,0.000137561218203255,5.16179087372527,"Plekhh1"
"18491",18491,2.64116508854189,4.18732846352732,8.21996884433691,2.60830312323106e-06,0.000145359817860739,5.07169847052618,"Pappa"
"56419",56419,2.41815113537252,2.91423663055116,8.04890248059673,3.24603248128068e-06,0.000166690123238683,4.78214983105487,"Diaph3"
"12268",12268,2.15553436865472,5.16797136487395,8.01995106148035,3.36954856829921e-06,0.000169055065312383,4.7801412316914,"C4b"
"140474",140474,6.75002841449399,3.25865052519225,7.99730989864777,3.46963988936252e-06,0.00017248949786608,2.35427798721555,"Muc4"
"20271",20271,2.07291177563801,1.64003024106296,7.962380580446,3.63033426512351e-06,0.000176701288800688,4.8290196766859,"Scn5a"
"71819",71819,2.78925576151662,3.26622755798843,7.94411531700645,3.71751377211833e-06,0.000179120694068775,4.68779756213861,"Kif23"
"66977",66977,2.74586856655095,2.18393274312071,7.82362424872608,4.35168728410894e-06,0.000198125393271174,4.15357746663798,"Nuf2"
"17279",17279,3.38616677166093,2.34542951269076,7.74589486599658,4.82143262023037e-06,0.000207004812910794,3.74214501252035,"Melk"
"209737",209737,2.66082730010701,2.56506299232302,7.72118196604318,4.98189693766921e-06,0.000209731727548169,4.13265539576401,"Kif15"
"331474",331474,2.05201809061574,3.32549719471773,7.63592281108853,5.58071931389296e-06,0.000223846025296729,4.40946357346871,"Rtl5"
"18260",18260,3.42528619369253,3.34120392719894,7.61048663009035,5.77390769455404e-06,0.00022812709301183,3.26506809690565,"Ocln"
"100217456",100217456,2.55777150288563,0.196759216593208,7.50021211182162,6.69785094013995e-06,0.000247319710883112,3.48746281613264,"Snord53"
"320315",320315,2.41202173218922,-2.5872332534455,7.42486701636929,7.41907767007608e-06,0.000264675177196123,3.35740633443381,"A330048O09Rik"
"67451",67451,3.35848717272421,3.04988631514316,7.42266444219575,7.44136868717577e-06,0.000264872501648932,3.07895650453962,"Pkp2"
"12428",12428,2.15107294932383,3.38864695864916,7.35703785908446,8.1393951468855e-06,0.000279034709113619,4.00238274427196,"Ccna2"
"634731",634731,5.14384821944103,0.305321543117275,7.28266633436983,9.01570054487962e-06,0.000296841940440161,1.1141375214445,"Susd1"
"18973",18973,2.11390248800638,4.13357040434626,7.27147601919412,9.15602688993427e-06,0.000299589749417228,3.93177127036756,"Pole"
"70466",70466,2.37110547507967,2.9504069227652,7.2039226785428,1.00541067545125e-05,0.000316133726538635,3.71819474230309,"Ckap2l"
"27409",27409,2.79081133205644,-2.08822241640752,7.19684293176952,1.01535208704314e-05,0.000316133726538635,3.10338972372943,"Abcg5"
"100340",100340,3.19193783942427,2.9829456432704,7.16418334733211,1.06258751854139e-05,0.000322867023732255,3.65262600470209,"Smpdl3b"
"18826",18826,2.22418827247644,4.4807609780785,7.16306124343446,1.06425142999115e-05,0.000322867023732255,3.73860414787709,"Lcp1"
"12704",12704,2.59543973097944,0.851548417182104,7.11226929975499,1.14255099391643e-05,0.000337241560926023,2.95797837142258,"Cit"
"13386",13386,2.69051117901489,-1.1101637941555,7.08835110578574,1.18152638487328e-05,0.000342036167593751,3.28624137112159,"Dlk1"
"16551",16551,2.25956211517141,3.34660004046177,7.08826266580589,1.18167309950978e-05,0.000342036167593751,3.63105580856927,"Kif11"
"53624",53624,3.19803783210754,5.20846121469121,7.01548575903886,1.30923797986559e-05,0.000360257961017956,3.4458283245155,"Cldn7"
"68026",68026,4.57535482028304,2.54355820496325,6.99138502642049,1.35464997538285e-05,0.000365339389265368,2.69202051620649,"Pclaf"
"208628",208628,2.36213872927778,3.44441415047226,6.88395332809492,1.57845823773976e-05,0.00040138320728588,3.37417780630836,"Kntc1"
"217143",217143,2.33394987076593,0.581000773858305,6.82018554084097,1.72964504246043e-05,0.000424461339301936,3.31921110819479,"Gpr179"
"17476",17476,3.84942152137357,-0.461484439030104,6.81305415621022,1.74748631217886e-05,0.000426851216038249,2.41697562786466,"Mpeg1"
"228543",228543,3.4866052298288,3.13623261402726,6.7931951723041,1.79820828147109e-05,0.000436541992017958,2.22202489546051,"Rhov"
"319530",319530,4.10990590388737,3.06325515086169,6.78761033525959,1.81275283944716e-05,0.000436851786087661,2.19088905716515,"Zfp750"
"72119",72119,2.49007707073631,3.74810903328329,6.76590469375792,1.87047924162154e-05,0.000443859668687489,3.24390108804543,"Tpx2"
"72027",72027,2.19424757636934,2.74878975970563,6.75031310245004,1.91314948839295e-05,0.000451949394836505,2.98929956118489,"Slc39a4"
"14087",14087,2.61984289003375,2.87605609831415,6.68263800647722,2.11071547440667e-05,0.000473452413226103,2.87540213114442,"Fanca"
"218518",218518,2.60590236973631,2.94681054165976,6.65535649698315,2.19639170529605e-05,0.000484125167510443,2.48373299601633,"Marveld2"
"77011",77011,2.66975059095527,1.80713426018879,6.6496418595301,2.21480185189926e-05,0.000485506518711182,2.40818835012259,"Ticrr"
"52033",52033,3.1927220312282,3.04531091133256,6.64025403841937,2.24540216631534e-05,0.000488616434406757,2.86330561095321,"Pbk"
"14623",14623,2.76895525874147,1.65639372552191,6.62926936526595,2.28177867861083e-05,0.000490765674809399,2.50485282291409,"Gjb6"
"13040",13040,4.04101415414688,-1.03518439685308,6.55990045881698,2.5264465349489e-05,0.000523302241655733,1.70534665104664,"Ctss"
"71874",71874,5.50810605528714,0.0986085553259927,6.50936153385958,2.72216792510187e-05,0.000548655230964186,0.78102912126754,"Mab21l4"
"16792",16792,2.60821243837443,-0.944719799112104,6.48356216111192,2.82822885502927e-05,0.000559415880161234,1.95646289325996,"Laptm5"
"54392",54392,2.6951621821047,2.37011644216567,6.47061443079074,2.88310164080476e-05,0.000567863434085678,2.64738761858641,"Ncapg"
"14961",14961,2.23742972419284,1.41065487403599,6.44671863976227,2.98736080407775e-05,0.000578422792978642,2.78792961489397,"H2-Ab1"
"16071",16071,6.13534984172149,-2.8283925209255,6.44671389924904,2.98738187977725e-05,0.000578422792978642,0.995437413254146,"Igkc"
"195733",195733,2.05012292238513,4.11898238505758,6.43446711599762,3.0423597263477e-05,0.000584221787547984,2.74744275988014,"Grhl1"
"74107",74107,2.69044810015502,2.3258757608534,6.32907131624944,3.5623256320518e-05,0.000655401563317191,2.42481420976328,"Cep55"
"18787",18787,2.69083473532274,7.18520094942468,6.32090410043504,3.60637534153886e-05,0.00066047214451514,2.25087643407791,"Serpine1"
"21877",21877,2.13365668329849,2.64674032739212,6.27170922703327,3.8842185461244e-05,0.000693944548124977,2.49048557092672,"Tk1"
"12534",12534,2.27411002249957,3.49860045289125,6.25680467304276,3.9728079889068e-05,0.000703093588540683,2.52278623004868,"Cdk1"
"110763",110763,4.27081533877239,-3.75590526432503,6.2423447929799,4.06080307280828e-05,0.000710120978148732,0.457508947866948,"Igkj5"
"208213",208213,2.84395730827246,-2.74979755507133,6.23923965437174,4.07996728970131e-05,0.000711697605369089,1.69979494630626,"Tmem132c"
"234258",234258,3.21828371168815,1.60308866430067,6.19798603655275,4.34387176485679e-05,0.000750208821743432,2.07224648241855,"Neil3"
"192120",192120,2.45152620991778,3.32553878938046,6.18845947266348,4.40734792003791e-05,0.000757714539723447,2.20394388978442,"Bspry"
"68775",68775,2.11192759104778,4.24692784851566,6.13503402238207,4.78201098990945e-05,0.000800017001699085,2.33532447462652,"Atp6v1c2"
"100502766",100502766,2.59994770229415,2.49011093089344,6.13312356885468,4.79601797505155e-05,0.000800382978645351,2.26354136160855,"Kifc1"
"16149",16149,2.95695399826001,3.34760518624244,6.13117702828189,4.81033423392763e-05,0.000801451589608324,2.2888557258939,"Cd74"
"26934",26934,2.57303284605946,3.81080567044044,6.12952944953032,4.82248707297184e-05,0.000801451589608324,2.3359070157307,"Racgap1"
"71007",71007,2.4525205189087,1.47031422288087,6.11965473769917,4.8960093864697e-05,0.000807688229058112,1.83693107302232,"D7Ertd443e"
"100504183",100504183,3.63460370530168,-3.67577989678054,6.11214486782511,4.95271839304049e-05,0.000810460039984801,0.740958977393619,"Krtap16-1"
"12839",12839,2.88700873267969,5.72086589959218,6.08017884906748,5.20199753902449e-05,0.000837193168093107,2.10278765804847,"Col9a1"
"14619",14619,3.30825041513314,4.12053466246076,6.0626555239275,5.34425427022256e-05,0.000853137318046437,2.16324317480498,"Gjb2"
"263764",263764,4.30951021290198,-2.86180819071669,5.99810276670281,5.9048646406716e-05,0.000914906674325235,0.287388475021266,"Creg2"
"404710",404710,3.04797304352546,3.40742620531294,5.98118711969181,6.06183365959498e-05,0.000923830464380319,2.06627272160437,"Iqgap3"
"17105",17105,2.66152915789931,0.742156648199954,5.92761827696044,6.58872212207686e-05,0.000970439556545226,1.9062366804729,"Lyz2"
"12522",12522,3.01882506280504,-0.829115979442959,5.92354441604321,6.63072571055922e-05,0.000973876049420858,1.42302526461421,"Cd83"
"73808",73808,3.78576435302807,-3.62083028065367,5.8813013362049,7.08334363082937e-05,0.00101324320367171,0.132188805881434,"Tex36"
"19361",19361,2.37155054820251,2.45512587259245,5.86329765444762,7.28606847374635e-05,0.00103365373571892,1.83409919198797,"Rad51"
"20537",20537,2.98137252584057,2.58807082430206,5.84289266025269,7.52326811480637e-05,0.00105219229456991,1.31762949690583,"Slc5a1"
"12796",12796,3.35644601912391,-3.34953114784762,5.81233474465816,7.89387067270162e-05,0.00108294038291125,0.447975765449707,"Camp"
"75141",75141,2.35681260379076,1.26684527492141,5.80316644065136,8.00878730039481e-05,0.00109018841081343,1.82615189936925,"Rasd2"
"68567",68567,3.01098078761418,2.62378965163693,5.7963677695232,8.09514310903515e-05,0.00109627799224671,1.84649104492543,"Cgref1"
"338370",338370,3.65835213275261,0.783351831724611,5.78110248105272,8.29264424953478e-05,0.00111442984455483,1.12731579923606,"Nalcn"
"50778",50778,2.18390846260255,-0.647715073528119,5.74116213571475,8.83385250564402e-05,0.00116633421051962,1.48308711306863,"Rgs1"
"100303738",100303738,2.8508741129344,-1.11878283479518,5.7006778030878,9.42064084516292e-05,0.00121637097971368,1.11491814451721,"D030025P21Rik"
"66240",66240,2.55824248322387,-1.39379855179784,5.64409643643011,0.000103105939484238,0.00129529909984809,1.4974074506158,"Kcne1l"
"13447",13447,2.0067921627186,3.3794594614892,5.62827362603209,0.000105750326493535,0.00131804271285791,1.51965818833633,"Doc2b"
"20419",20419,3.40814565995499,1.88826425620292,5.61913627923514,0.000107309906645251,0.00132805463165352,1.26910280558827,"Shcbp1"
"268902",268902,2.07923795123719,0.799514637572896,5.60794364118835,0.00010925341266494,0.00134473592971707,1.51124457353984,"Robo2"
"14960",14960,2.44792583449673,1.53196440984437,5.54308178874826,0.000121271615251141,0.00143711803243205,1.46500744653661,"H2-Aa"
"432530",432530,2.17376847913268,0.362789598556315,5.535129614324,0.0001228382621413,0.00145200889669492,1.19408998094107,"Adcy1"
"56636",56636,5.14995183105623,-2.2521095926799,5.53153682982644,0.00012355305392268,0.00145789030180998,0.67778650718657,"Fgf21"
"72978",72978,3.65277518617489,-1.75449839117703,5.48158682332956,0.000133957762883677,0.00154080675736073,0.867322385644236,"Cnih3"
"243725",243725,3.60775469005091,2.0144807604988,5.47034284236343,0.00013642479492693,0.00156349344381813,0.611690551453893,"Ppp1r9a"
"26886",26886,2.27582600653732,1.91140670583694,5.43927406255466,0.000143493605185784,0.00161844059377762,1.17802208690259,"Cenph"
"224997",224997,2.43228880342119,-1.11650722672681,5.4338112136125,0.000144775885724244,0.00162618201704759,1.12855071184407,"Dlgap1"
"20310",20310,2.10718088496587,6.21560591056962,5.42280090716922,0.000147397110909507,0.00164447957664886,1.03030943354096,"Cxcl2"
"244886",244886,2.20992811692338,0.112296060397397,5.38710170055077,0.000156245159069437,0.00171956719633244,1.10078158889975,"Tmem266"
"110197",110197,2.39445430459064,-1.64561227421192,5.34997524314928,0.000166042308433411,0.00179965333565418,0.939814903540115,"Dgkg"
"12615",12615,2.23295530441938,2.57459571779244,5.32380517468269,0.000173335248859348,0.00184945122205153,1.118317268419,"Cenpa"
"20877",20877,3.27261447667273,2.13399698699256,5.26344190367158,0.000191471954964254,0.00197521068946153,0.862949790591165,"Aurkb"
"432995",432995,2.62171060569868,1.55411995403013,5.21760175186835,0.000206572779703861,0.00206746443412933,0.398367929907057,"Smim22"
"215384",215384,2.73431082645263,6.48547068543333,5.21025425894841,0.000209107302324885,0.00208368966326765,0.886569706913036,"Fcgbp"
"108000",108000,2.5597792441128,2.76066391224031,5.18604658506586,0.000217691418185152,0.00213729087806355,0.910144842725199,"Cenpf"
"12235",12235,3.02135566514627,2.52748209454384,5.16967165620449,0.000223707296169322,0.00218238895596294,0.846493755820718,"Bub1"
"108907",108907,2.04790796465061,2.80825316677707,5.16334308519157,0.000226078859715684,0.0021946869158149,0.880690037732796,"Nusap1"
"103172",103172,2.11633562297381,2.97891001735562,5.12451677813722,0.000241218331182595,0.00231085962581683,0.761537962014369,"Chchd10"
"21819",21819,5.16193632825946,-2.85209902018817,5.06207806180982,0.000267837033340442,0.00248465098561649,-0.486184144473331,"Tg"
"76464",76464,2.38179269797963,1.98400720784073,5.06194471643336,0.000267897069064193,0.00248465098561649,0.686228781453678,"Knl1"
"15162",15162,2.83681741432205,-0.542904406140168,5.05621376034395,0.000270490686142099,0.00250429689735778,-0.312383475891455,"Hck"
"78733",78733,2.16057536639519,0.91190532397236,5.02050569288347,0.000287255376353401,0.00261429063661506,0.50439015125206,"Troap"
"15366",15366,2.08722872435094,2.78688473924196,4.92941585572049,0.000335144895441973,0.00291922147849751,0.514138077119807,"Hmmr"
"17216",17216,2.13210915584142,4.47559116269006,4.90923375140726,0.000346845416910551,0.00299701747887061,0.37072369305184,"Mcm2"
"67849",67849,2.05504225675969,1.85165444488059,4.90387030333704,0.000350026243106702,0.00301473010981741,0.386513099142279,"Cdca5"
"12737",12737,3.26041022145588,4.27444764366981,4.8757184667252,0.000367229984891507,0.00312365540555254,0.41569352968745,"Cldn1"
"17121",17121,2.58748473619668,0.399544925848557,4.86786274191959,0.000372186934280336,0.00315391008545117,0.238494934271317,"Mxd3"
"110033",110033,2.44079245259185,2.30904414093356,4.86201521478633,0.00037592213770529,0.00318044618002913,0.398859466069487,"Kif22"
"18817",18817,2.01296344043295,1.43571706996823,4.85462983966849,0.000380695793117452,0.00320880870102838,0.351218897403082,"Plk1"
"21926",21926,2.24802022338567,3.67153696461195,4.85130256687313,0.00038286710991253,0.00321981535817835,0.386039324265139,"Tnf"
"66570",66570,2.61004380238947,1.41916086692742,4.84065849697091,0.000389900663743754,0.00325522783750549,0.217738292799642,"Cenpm"
"20510",20510,2.82430827655298,2.63858143907546,4.83076285116291,0.000396560936777381,0.00328472172160888,0.207357446500562,"Slc1a1"
"319767",319767,4.81807003847121,0.377290990797617,4.80402515708635,0.000415158582554973,0.00339209459599791,-0.757925307360395,"Atp10b"
"71740",71740,3.03170529909598,2.63154883901392,4.79536651501724,0.000421374842606123,0.00342562140563126,-0.0173911576273138,"Nectin4"
"27375",27375,2.24733429193079,3.84624100411668,4.78756323908441,0.000427060378446289,0.0034523080414144,0.282589757568083,"Tjp3"
"14793",14793,2.86981562137435,2.33782342126806,4.76310648809723,0.000445404994278177,0.00356414204028978,0.203062209864483,"Cdca3"
"16590",16590,3.71289808459694,4.19380840937049,4.74799274316731,0.000457151578725733,0.00362509962377395,0.198704843167401,"Kit"
"21948",21948,2.57449701911665,-2.75758780451654,4.74480095268729,0.000459673406319755,0.00362871054619251,-0.139574345643093,"Cd70"
"52276",52276,2.52951098178114,2.99747100591416,4.74414483105813,0.000460193605022935,0.00362919148392339,0.220556570738156,"Cdca8"
"68355",68355,3.79106472285316,-0.738920278714781,4.71874868905889,0.000480808576908973,0.0037450462047656,-0.561868729672743,"2010204K13Rik"
"67629",67629,2.5072680064968,2.0248254648364,4.67798688202069,0.000515936052841158,0.003946686049904,0.0751545606151645,"Spc24"
"84506",84506,3.14420925132218,-2.48913091029292,4.66187277987478,0.000530552327741227,0.00401958244852462,-0.551583702302972,"Hamp"
"12978",12978,4.87707077176044,-0.765870528214717,4.6016815256672,0.000589082466500718,0.0043201203250939,-0.538652813219618,"Csf1r"
"66468",66468,2.83409489657888,0.996232233330413,4.58503419558634,0.00060643140662564,0.00440038657039101,-0.321702369460779,"Ska1"
"12236",12236,2.41856807119256,2.96148570734931,4.57307354458155,0.000619224303644447,0.00447267865392908,-0.0604264714329661,"Bub1b"
"434175",434175,3.19786105185617,0.674638782470954,4.56940082907593,0.000623208760711913,0.00449119528239447,-0.320332364914815,"Ccnb1-ps"
"71988",71988,2.22266528565439,1.70110687958061,4.55224401695477,0.000642178817968399,0.00457987095630532,-0.126876797701002,"Esco2"
"22044",22044,4.20238889261446,-1.84373896958494,4.55097223071759,0.000643608752016381,0.00458181150641706,-0.329306504539594,"Trh"
"269116",269116,2.56142415047887,0.866222411244448,4.54889328761473,0.000645953359696813,0.0045964191340155,-0.124158589725213,"Nfasc"
"218977",218977,2.20618927213041,1.5717011890097,4.48869721617949,0.000717845121111549,0.00496708594310286,-0.22245210649533,"Dlgap5"
"15558",15558,2.7747017820408,-2.20743894038617,4.46317968628001,0.000750789009011592,0.00513879146748341,-0.267291997333226,"Htr2a"
"70218",70218,2.34220613286577,1.94207617598735,4.44956541080472,0.00076900510116613,0.00523003671458085,-0.2606959363028,"Kif18b"
"232313",232313,2.68461984275118,-2.0758573086112,4.44103453777559,0.000780653234390563,0.00528143994704985,-0.842833970999981,"Gxylt2"
"69480",69480,2.85465928650262,0.508978234018133,4.42073563222846,0.000809113100663832,0.00543212550675072,-0.778045713991574,"Ttc9"
"268697",268697,2.21974472704982,1.90067793575954,4.41621169321219,0.000815601545342535,0.00546176560279382,-0.311912284602013,"Ccnb1"
"12262",12262,3.84526153642104,-2.09970934383101,4.38214860346784,0.000866226351066985,0.00568987583219561,-0.821918457772182,"C1qc"
"69540",69540,5.02664921131934,1.51322073204004,4.34137617965002,0.000931143125176187,0.00602118901402801,-1.14342357701492,"Klk10"
"101533",101533,3.22178582492511,-2.64794946835183,4.32653229704217,0.000956013909543231,0.00612686286553983,-1.38023475223068,"Klk9"
"100504539",100504539,3.96096869488065,-0.882412338114255,4.32422966788799,0.000959933276385373,0.0061372185503527,-1.30717443838062,"Gm20275"
"170711",170711,3.71945949601595,-2.27167115425443,4.26914002365396,0.00105884501948261,0.00657731605674352,-1.3838624209605,"Otud7a"
"66451",66451,2.97427320843686,0.795251359355356,4.26874119746683,0.00105959842897528,0.00657733447428332,-1.1267339272037,"2610528J11Rik"
"232670",232670,3.45382926471155,2.36998838687282,4.26567283594767,0.00106541338605491,0.00660564658815686,-0.764981331782548,"Tspan33"
"110935",110935,5.32189082646461,2.37082498496025,4.25605241326526,0.00108386076046183,0.00668042811679818,-1.22190957578401,"Atp6v1b1"
"17215",17215,2.01906275471736,4.79519620058615,4.24451203512991,0.00110642722013285,0.00678013795540117,-0.88587034029675,"Mcm3"
"13614",13614,2.0468594212942,4.45978029437057,4.24174043884,0.0011119190482023,0.00679797626220083,-0.665662754495459,"Edn1"
"70645",70645,2.40070411685921,0.559649858490534,4.20857330029747,0.00117987310221827,0.00709270236114779,-0.805348256794588,"Oip5"
"229706",229706,2.1494363976887,-0.316815799942465,4.20342479561313,0.00119080107801315,0.00713938552235198,-0.66073148139134,"Slc6a17"
"77777",77777,2.26550409071589,1.32469019495979,4.17324839262516,0.00125699375484826,0.00741251093344103,-0.778691006113605,"Ulbp1"
"72393",72393,3.77822779173711,-1.10551172595423,4.1432292987163,0.00132662576302569,0.00772228123714845,-1.50402509246426,"Faim2"
"71761",71761,2.77140768027837,-2.73014897678481,4.12662938586409,0.00136683205073003,0.00792131049862022,-1.01371298394552,"Amdhd1"
"223780",223780,3.64718942035899,-1.57819316289336,4.11801105298848,0.00138820108341381,0.00801283050484727,-1.54370630501601,"Adm2"
"258571",258571,2.69132351947467,-2.77491437594816,4.10098068305466,0.00143144897886895,0.00818177926294569,-1.18009869950746,"Olfr1033"
"60530",60530,2.15125262467707,0.983820997922894,4.08179103366562,0.0014818523534466,0.00839397655694266,-0.928388661463842,"Fignl1"
"18751",18751,2.24574110205461,-2.07433492729006,4.06495209830539,0.00152759078078978,0.00858231237099244,-1.02037764380975,"Prkcb"
"16534",16534,2.43160795815328,4.18078380481627,4.06168295737617,0.00153663818658618,0.00861171273078299,-0.902116851632383,"Kcnn4"
"217216",217216,4.02328858573137,0.714990327109898,4.05208189971877,0.00156353044142479,0.00872837693263066,-1.19840438430343,"Hrob"
"67792",67792,2.78445735983188,-0.337929961098014,4.05023900772132,0.00156874765014589,0.0087482314265722,-1.11694533386677,"Rgs8"
"17218",17218,2.27472823785203,5.04383232407051,4.03844093097588,0.00160257635981485,0.00888982688329724,-1.19208562918178,"Mcm5"
"105439",105439,3.02131830482335,1.01456031250656,4.02977262568532,0.00162791011761555,0.00898767063093979,-1.30204286429329,"Slain1"
"72107",72107,2.48729789033045,0.799940251399098,4.02952439173862,0.00162864165532261,0.00898767063093979,-0.982478366143948,"Dscc1"
"654309",654309,2.07413994267303,-1.98437478604066,4.01125509152497,0.00168342242814744,0.00917090936037303,-1.21130753031511,"Nrp"
"56774",56774,3.2039822580953,1.39173621999257,4.00621783880683,0.00169885843276936,0.0092242539571635,-1.12980326741692,"Slc6a14"
"330908",330908,4.68105449442218,-1.04973122182997,4.00567997850435,0.00170051523723649,0.00922903255813375,-0.986018740167416,"Opcml"
"28240",28240,2.6765000637123,-2.74157501291887,3.92833167323346,0.00195700162924307,0.0102310465592317,-1.35748985149642,"Trpm2"
"12349",12349,2.12774503664496,4.43902305278957,3.91323234866867,0.00201155113020795,0.0104505437415538,-1.20941391501076,"Car2"
"69631",69631,2.54444679214338,0.612058026969153,3.91281570384822,0.00201307834020843,0.0104550411070174,-1.331079487518,"Plet1os"
"64406",64406,3.28911074420332,-3.59930224656615,3.88405131137043,0.0021214511897374,0.010832767238323,-1.74898289854288,"Sp5"
"13421",13421,3.94385024177893,-3.05131282034793,3.85690803547361,0.00222922033431783,0.0112079228371027,-1.73368720951278,"Dnase1l3"
"11685",11685,2.43037164577539,1.99951059389838,3.84769893933488,0.00226704922454228,0.0113553695927148,-1.22631355243057,"Alox12e"
"74342",74342,2.33966131364587,-2.75193299933803,3.84276116840789,0.00228760346916082,0.0114363826346323,-1.31232483268759,"Lrrtm1"
"17970",17970,2.3104509825432,-0.679703257723281,3.81956588879859,0.0023867498248481,0.0118208067163583,-1.52073159907111,"Ncf2"
"545291",545291,2.10159606629564,-1.95448764345801,3.8175711994057,0.00239547942431736,0.0118399291104856,-1.28789716539578,"Hpse2"
"12259",12259,2.81785411826891,-0.570518343008677,3.7818066355243,0.00255768447979587,0.0124106986548032,-1.38776262892331,"C1qa"
"58176",58176,2.06233747629955,0.871369290906027,3.77990007486356,0.0025666414271409,0.0124329235702497,-1.34987461486211,"Rhbg"
"17395",17395,3.11909369550138,-2.47013909653388,3.77873326242006,0.00257213892896227,0.0124502553241408,-1.87570384948246,"Mmp9"
"14073",14073,2.02274473852609,0.986329873046833,3.77257086033185,0.00260137439039706,0.0125571535937187,-1.49163302976956,"Faah"
"171284",171284,3.66322544446601,1.83362574066438,3.76999316660057,0.00261370427264054,0.0125972475203077,-1.491287774589,"Timd2"
"338320",338320,3.14713625936618,-2.16168969580915,3.76577539868581,0.00263400851135197,0.0126528481803667,-1.79741846664938,"Mia2"
"14570",14570,2.01121091536068,0.771334583438906,3.75404425643891,0.00269133659076163,0.0128501158551048,-1.4338745048748,"Arhgdig"
"19264",19264,2.05821329733418,-1.21948800839584,3.73390670332747,0.00279274475736939,0.0132184900106217,-1.51134385550614,"Ptprc"
"56079",56079,3.28041431970413,-2.14459892861998,3.73252800830767,0.00279982914401815,0.0132399816166686,-1.91425519655475,"Astn2"
"20556",20556,2.54226638132169,2.0783375875085,3.72648997161501,0.00283107293651245,0.0133428135865977,-1.47555979959673,"Slfn2"
"381463",381463,4.17832892137882,0.276531957445042,3.71970532726322,0.00286660640983839,0.0134369009954158,-1.74444832239775,"Nr1h5"
"108052",108052,2.60932205185206,-1.85308530833935,3.70570026264931,0.00294140709316046,0.0136997087514679,-1.61935575964254,"Slc14a1"
"22177",22177,2.67590217872169,-2.00928318715081,3.70309389693411,0.00295554667057317,0.0137380763475701,-1.72940463748069,"Tyrobp"
"15109",15109,2.59810039925976,-0.807386484814148,3.68775794541912,0.00304016505814567,0.0140381473118632,-1.48490886281345,"Hal"
"78767",78767,2.63195557599876,-1.34321597912879,3.66254829869681,0.00318468674405025,0.0144961950757403,-1.85750877496478,"Efcab11"
"14419",14419,2.44943447364519,-0.0467236732842281,3.66086375779161,0.00319459076122654,0.0145268648904966,-1.65780538741104,"Gal"
"12661",12661,2.18286022097487,-1.53430404229269,3.6435105882636,0.00329846765548575,0.014913060039667,-1.65996230416688,"Chl1"
"245555",245555,2.76136468264687,-1.35624746822947,3.64325365095857,0.00330003136274775,0.0149138391926981,-2.11460604425402,"Nexmif"
"237558",237558,3.01812245822617,-2.41848649237494,3.618391112814,0.00345498300248523,0.0154189371001477,-2.11817301374288,"Myrfl"
"70417",70417,2.39861431049837,-2.27177880092642,3.61344881728871,0.00348665994269375,0.0155263944024604,-1.61843020893136,"Megf10"
"381073",381073,2.08379823857336,-0.498517390073237,3.60937168977203,0.00351301483579854,0.0156129601982453,-1.62731183536808,"Npw"
"14727",14727,3.14196428377266,-2.81506548531001,3.60007021579937,0.00357390418787896,0.015839358855459,-1.83723517862249,"Lilr4b"
"207911",207911,2.76017123699833,-0.844959855693405,3.59085574462692,0.00363528633954455,0.0160480629357994,-1.65556348203314,"Mchr1"
"17930",17930,2.36358860444416,-2.74041882917655,3.58861682757902,0.00365036264608198,0.0160966326056584,-1.8504565976953,"Myom2"
"22324",22324,3.76137662276545,-2.82051528951866,3.57184479576812,0.00376534902269784,0.0164612934867819,-2.11556736396284,"Vav1"
"76131",76131,2.68482282548456,-0.497454236634898,3.55331917722174,0.00389665815110275,0.0168905061492123,-1.8008424623164,"Depdc1a"
"243373",243373,2.59733147255717,-2.27640463937296,3.54571715274108,0.00395188313695081,0.0171017418117116,-2.00378708769865,"AI854703"
"17082",17082,2.57213856939083,-1.57779492806773,3.54313717078089,0.00397080616960361,0.0171742256990737,-1.72472663022341,"Il1rl1"
"108078",108078,2.56491748957245,-1.68340180966017,3.5310795740585,0.00406047472614361,0.0174664514349411,-1.8941696534404,"Olr1"
"74430",74430,2.8903931822898,-1.62023325225155,3.52488187842589,0.00410736485604699,0.0176058568443088,-2.17014496019888,"Cfap20dc"
"268354",268354,2.58151813709859,-4.1015503354229,3.51089150346729,0.00421524994683857,0.0179422890792149,-1.98003505753926,"Tafa2"
"20311",20311,3.39169254896703,-0.542863487135317,3.50273528724076,0.00427947224278651,0.018151577918679,-2.09227445198821,"Cxcl5"
"70843",70843,2.32956859100092,-3.19641978383416,3.50086834465563,0.00429431212642674,0.0181998682880258,-1.85196309473781,"Krt28"
"12045",12045,2.07805646086252,-0.6982597745498,3.48741881639432,0.00440277803054736,0.0185412238031521,-1.99617837227068,"Bcl2a1b"
"24014",24014,2.45788993242748,3.42792309417648,3.46794010820637,0.0045648283959391,0.0190399968248671,-1.87357220776478,"Rnasel"
"381628",381628,2.33590574867933,-0.155991891843517,3.45968734237895,0.00463530272887853,0.0192526476549793,-2.05767862304432,"Adgrf3"
"29820",29820,3.18609266860354,1.39640772838335,3.45767770581009,0.00465263076373415,0.0192992589475209,-1.89895605803081,"Tnfrsf19"
"381822",381822,2.33267652755168,0.215940170926087,3.45301504587448,0.00469308837632816,0.019411036037553,-1.88656291839203,"Lockd"
"235604",235604,2.1656598543087,-2.2510619368794,3.45037206823921,0.00471617987277443,0.0194759620353611,-1.88946478059899,"Camkv"
"16538",16538,2.5386863045041,-0.497677469830336,3.44785746815157,0.00473825689276763,0.0195365019392903,-2.12599393711886,"Kcns1"
"12954",12954,3.05939503887819,-2.98216072010949,3.44111939847801,0.00479793295541524,0.0197310779150097,-2.18277241073602,"Cryaa"
"56807",56807,2.11903676537808,0.779896955856076,3.42565546471882,0.00493779263347326,0.0201541515442695,-2.02233158349604,"Scamp5"
"17005",17005,2.27785310790691,0.665450162037634,3.38541953456245,0.00532140382503359,0.0212963955560473,-2.15482274897122,"Ltk"
"11687",11687,2.75098226320746,-0.201816661293321,3.33985676189465,0.00579243826564549,0.0226305171677347,-2.13821741854269,"Alox15"
"68612",68612,2.19715733334344,2.85203849940416,3.31673498043739,0.00604740379266658,0.0233675231147439,-2.15196716753299,"Ube2c"
"16181",16181,2.00604441333618,0.276749788688067,3.28384912197134,0.00642971869341319,0.0243964395011554,-2.17695290171876,"Il1rn"
"15559",15559,2.42872177465485,-2.53252423835362,3.27058890460389,0.0065907013399018,0.0248590558414816,-2.26530110358817,"Htr2b"
"19204",19204,3.14036742268327,0.912584598206059,3.2614128868759,0.00670447729614698,0.025162089572146,-2.35719488433083,"Ptafr"
"18175",18175,2.67677967295072,-2.04858630349183,3.24435178528948,0.00692131837445539,0.025792151754278,-2.25726843035799,"Nrap"
"19415",19415,2.01275053729637,2.1344058163332,3.22927394037353,0.0071188348189807,0.0263233658116919,-2.21358122981422,"Rasal1"
"78354",78354,2.61821560153925,1.31783339060095,3.20535330746945,0.00744391356373627,0.0272512415939977,-2.34645496865194,"Lypd8l"
"73707",73707,2.33586716077968,-2.07098062118466,3.2041963014926,0.00746001094262636,0.0272722676237028,-2.61729424442407,"Gucy2g"
"213043",213043,2.77244357359454,-2.65581067543926,3.18959322713534,0.00766622138789242,0.0278393756466571,-2.60449720914824,"Aox2"
"12189",12189,2.04008801684298,2.80745103442895,3.17767017049587,0.00783883483607277,0.0282971552647999,-2.35330291244411,"Brca1"
"272636",272636,2.30480764249879,3.45341977171814,3.17604266096124,0.00786269811524326,0.0283509196927457,-2.31953837635732,"Esyt3"
"68846",68846,2.6660540321215,0.155475496200914,3.16658352427559,0.00800284577028461,0.0287251815929089,-2.53200241161521,"Rnf208"
"329178",329178,2.52319521196292,-0.437844305600008,3.1575700198215,0.00813872744956574,0.0290658520786508,-2.33798971209651,"Unc80"
"12480",12480,2.26047272566873,-1.34561047348204,3.14283919524189,0.00836580955687654,0.02963399785129,-2.42926116987669,"Cd1d2"
"208154",208154,2.44085509128929,-2.17715349854775,3.13315727948233,0.00851851629669824,0.0300976149235455,-2.63804693678098,"Btla"
"207839",207839,3.31314956243138,-3.25057991988103,3.11660831634414,0.00878604114135629,0.0308018177014185,-2.61771688970941,"Galnt6"
"210801",210801,2.77244357359454,-3.04949914504719,3.11507724607539,0.00881121406068537,0.0308545743636147,-2.6872080297856,"Unc5d"
"386655",386655,2.00594061001097,-0.102137298794017,3.10056146136247,0.00905349773678241,0.0314463198327654,-2.42309272527177,"Eid2"
"231602",231602,2.07199404886545,-0.952052858800682,3.10021146566542,0.00905942129831566,0.0314463198327654,-2.53310586492566,"P2rx2"
"216643",216643,2.87484549969552,0.235573845771792,3.09919444123465,0.00907665616272904,0.0314966039384965,-2.57030727944532,"Gabrp"
"214305",214305,2.69534500694337,-2.98842218664066,3.09637263406761,0.00912464786582656,0.0316310451571667,-2.61475833998537,"Hhipl1"
"70701",70701,2.24581381385502,2.42083514755437,3.08729636254008,0.00928074366146853,0.0320445786373299,-2.45784742397148,"Nipal1"
"12260",12260,3.00951972499118,-3.30906908506233,3.07231809640736,0.00954421677243853,0.0327407861670542,-2.63044005532493,"C1qb"
"632971",632971,2.05267314909112,-3.27768009145649,3.06844827098313,0.00961349787214075,0.0328998961393054,-2.57520479699973,"Rergl"
"68725",68725,2.9521824346136,-0.425288077182865,3.04495770546777,0.0100449837728628,0.0340229154621354,-2.51925388150136,"1110032F04Rik"
"223915",223915,2.61078912094312,-2.9196688437356,3.0166009575791,0.0105917384135939,0.0354193469928985,-2.71346061476964,"Krt73"
"15364",15364,3.24522875644058,-2.3525097727824,3.00114510670893,0.0109021660928143,0.0361135680005946,-2.75665151954174,"Hmga2"
"66957",66957,2.78255348866202,-0.496103512727447,2.99598327699216,0.0110078508374282,0.0363635366019798,-2.78055156118906,"Serpinb11"
"71082",71082,2.6572445055727,-1.67162944663071,2.98074601962887,0.0113258231779595,0.0371278385199071,-2.80247219162651,"4933416M07Rik"
"13505",13505,2.32119695894317,-3.95923206471401,2.97690545978615,0.0114074036316686,0.0373573592333843,-2.82167045827972,"Dsc1"
"242662",242662,2.32424858275255,-1.20759890035162,2.97552773064784,0.0114368116821525,0.0374140699285321,-2.77531694984474,"Rims3"
"101744",101744,2.04589532313446,-2.62743229246374,2.95782541519227,0.0118214652476281,0.0382684221166561,-2.69675325704179,"Acp7"
"15365",15365,2.29241066199068,-0.331498452057182,2.95040607874304,0.0119864885242986,0.0386534406130914,-2.65338312354277,"Hmga2-ps1"
"19752",19752,3.11872502457771,0.79744053046071,2.9480859086544,0.0120385639158929,0.0387647644920073,-2.67744410961364,"Rnase1"
"56370",56370,2.04188647556716,-3.14502962443659,2.94141040672814,0.0121896530020623,0.039139633491384,-2.70868092069789,"Tagln3"
"56847",56847,2.1519115472944,3.04159075208275,2.93892550371874,0.0122463755779545,0.039273887912742,-2.71869607471735,"Aldh1a3"
"93837",93837,2.9314238229437,-2.24366793523092,2.9358408955861,0.0123171531432642,0.0394528350782627,-2.84503503319543,"Dach2"
"228785",228785,2.10033986480783,-2.53676286620292,2.91710223397434,0.0127559498588285,0.0404971939672411,-2.94499084216008,"Mylk2"
"433111",433111,2.08892123734232,-1.6342800190942,2.84981659061046,0.0144634572380201,0.0444540522104411,-2.82861328376903,"F630040K05Rik"
"545975",545975,2.89176097471168,-0.942222566795421,2.81324941522546,0.0154845353910015,0.0468090277963633,-2.91520788839597,"Cers3"
"100038566",100038566,2.47689348270705,-1.64541220044805,2.79860744763126,0.0159130990015097,0.0478209957444115,-2.9319138634726,"Gm10658"
"74562",74562,3.01812245822617,-0.359469223808234,2.78150937192052,0.016428402448539,0.0490524225007953,-3.051820814707,"Fer1l4"
"69065",69065,2.36123540379896,2.3926291459942,2.78076270392356,0.0164512772255706,0.0490751303311926,-3.06078056840368,"Chac1"
"74152",74152,2.2294334570373,-0.281810853315213,2.77753452542142,0.0165505374116843,0.0492490493407216,-2.934258415954,"Stra6l"
